container_name,ip
many_ubuntu_00000,10.199.0.2
many_ubuntu_00001,10.199.0.3
many_ubuntu_00002,10.199.0.4
many_ubuntu_00003,10.199.0.5
many_ubuntu_00004,10.199.0.6
many_ubuntu_00005,10.199.0.7
many_ubuntu_00006,10.199.0.8
many_ubuntu_00007,10.199.0.9
many_ubuntu_00008,10.199.0.10
many_ubuntu_00009,10.199.0.11
many_ubuntu_00010,10.199.0.12
many_ubuntu_00011,10.199.0.13
many_ubuntu_00012,10.199.0.14
many_ubuntu_00013,10.199.0.15
many_ubuntu_00014,10.199.0.16
many_ubuntu_00015,10.199.0.17
many_ubuntu_00016,10.199.0.18
many_ubuntu_00017,10.199.0.19
many_ubuntu_00018,10.199.0.20
many_ubuntu_00019,10.199.0.21
many_ubuntu_00020,10.199.0.22
many_ubuntu_00021,10.199.0.23
many_ubuntu_00022,10.199.0.24
many_ubuntu_00023,10.199.0.25
many_ubuntu_00024,10.199.0.26
many_ubuntu_00025,10.199.0.27
many_ubuntu_00026,10.199.0.28
many_ubuntu_00027,10.199.0.29
many_ubuntu_00028,10.199.0.30
many_ubuntu_00029,10.199.0.31
many_ubuntu_00030,10.199.0.32
many_ubuntu_00031,10.199.0.33
many_ubuntu_00032,10.199.0.34
many_ubuntu_00033,10.199.0.35
many_ubuntu_00034,10.199.0.36
many_ubuntu_00035,10.199.0.37
many_ubuntu_00036,10.199.0.38
many_ubuntu_00037,10.199.0.39
many_ubuntu_00038,10.199.0.40
many_ubuntu_00039,10.199.0.41
many_ubuntu_00040,10.199.0.42
many_ubuntu_00041,10.199.0.43
many_ubuntu_00042,10.199.0.44
many_ubuntu_00043,10.199.0.45
many_ubuntu_00044,10.199.0.46
many_ubuntu_00045,10.199.0.47
many_ubuntu_00046,10.199.0.48
many_ubuntu_00047,10.199.0.49
many_ubuntu_00048,10.199.0.50
many_ubuntu_00049,10.199.0.51
many_ubuntu_00050,10.199.0.52
many_ubuntu_00051,10.199.0.53
many_ubuntu_00052,10.199.0.54
many_ubuntu_00053,10.199.0.55
many_ubuntu_00054,10.199.0.56
many_ubuntu_00055,10.199.0.57
many_ubuntu_00056,10.199.0.58
many_ubuntu_00057,10.199.0.59
many_ubuntu_00058,10.199.0.60
many_ubuntu_00059,10.199.0.61
many_ubuntu_00060,10.199.0.62
many_ubuntu_00061,10.199.0.63
many_ubuntu_00062,10.199.0.64
many_ubuntu_00063,10.199.0.65
many_ubuntu_00064,10.199.0.66
many_ubuntu_00065,10.199.0.67
many_ubuntu_00066,10.199.0.68
many_ubuntu_00067,10.199.0.69
many_ubuntu_00068,10.199.0.70
many_ubuntu_00069,10.199.0.71
many_ubuntu_00070,10.199.0.72
many_ubuntu_00071,10.199.0.73
many_ubuntu_00072,10.199.0.74
many_ubuntu_00073,10.199.0.75
many_ubuntu_00074,10.199.0.76
many_ubuntu_00075,10.199.0.77
many_ubuntu_00076,10.199.0.78
many_ubuntu_00077,10.199.0.79
many_ubuntu_00078,10.199.0.80
many_ubuntu_00079,10.199.0.81
many_ubuntu_00080,10.199.0.82
many_ubuntu_00081,10.199.0.83
many_ubuntu_00082,10.199.0.84
many_ubuntu_00083,10.199.0.85
many_ubuntu_00084,10.199.0.86
many_ubuntu_00085,10.199.0.87
many_ubuntu_00086,10.199.0.88
many_ubuntu_00087,10.199.0.89
many_ubuntu_00088,10.199.0.90
many_ubuntu_00089,10.199.0.91
many_ubuntu_00090,10.199.0.92
many_ubuntu_00091,10.199.0.93
many_ubuntu_00092,10.199.0.94
many_ubuntu_00093,10.199.0.95
many_ubuntu_00094,10.199.0.96
many_ubuntu_00095,10.199.0.97
many_ubuntu_00096,10.199.0.98
many_ubuntu_00097,10.199.0.99
many_ubuntu_00098,10.199.0.100
many_ubuntu_00099,10.199.0.101
many_ubuntu_00100,10.199.0.102
many_ubuntu_00101,10.199.0.103
many_ubuntu_00102,10.199.0.104
many_ubuntu_00103,10.199.0.105
many_ubuntu_00104,10.199.0.106
many_ubuntu_00105,10.199.0.107
many_ubuntu_00106,10.199.0.108
many_ubuntu_00107,10.199.0.109
many_ubuntu_00108,10.199.0.110
many_ubuntu_00109,10.199.0.111
many_ubuntu_00110,10.199.0.112
many_ubuntu_00111,10.199.0.113
many_ubuntu_00112,10.199.0.114
many_ubuntu_00113,10.199.0.115
many_ubuntu_00114,10.199.0.116
many_ubuntu_00115,10.199.0.117
many_ubuntu_00116,10.199.0.118
many_ubuntu_00117,10.199.0.119
many_ubuntu_00118,10.199.0.120
many_ubuntu_00119,10.199.0.121
many_ubuntu_00120,10.199.0.122
many_ubuntu_00121,10.199.0.123
many_ubuntu_00122,10.199.0.124
many_ubuntu_00123,10.199.0.125
many_ubuntu_00124,10.199.0.126
many_ubuntu_00125,10.199.0.127
many_ubuntu_00126,10.199.0.128
many_ubuntu_00127,10.199.0.129
many_ubuntu_00128,10.199.0.130
many_ubuntu_00129,10.199.0.131
many_ubuntu_00130,10.199.0.132
many_ubuntu_00131,10.199.0.133
many_ubuntu_00132,10.199.0.134
many_ubuntu_00133,10.199.0.135
many_ubuntu_00134,10.199.0.136
many_ubuntu_00135,10.199.0.137
many_ubuntu_00136,10.199.0.138
many_ubuntu_00137,10.199.0.139
many_ubuntu_00138,10.199.0.140
many_ubuntu_00139,10.199.0.141
many_ubuntu_00140,10.199.0.142
many_ubuntu_00141,10.199.0.143
many_ubuntu_00142,10.199.0.144
many_ubuntu_00143,10.199.0.145
many_ubuntu_00144,10.199.0.146
many_ubuntu_00145,10.199.0.147
many_ubuntu_00146,10.199.0.148
many_ubuntu_00147,10.199.0.149
many_ubuntu_00148,10.199.0.150
many_ubuntu_00149,10.199.0.151
many_ubuntu_00150,10.199.0.152
many_ubuntu_00151,10.199.0.153
many_ubuntu_00152,10.199.0.154
many_ubuntu_00153,10.199.0.155
many_ubuntu_00154,10.199.0.156
many_ubuntu_00155,10.199.0.157
many_ubuntu_00156,10.199.0.158
many_ubuntu_00157,10.199.0.159
many_ubuntu_00158,10.199.0.160
many_ubuntu_00159,10.199.0.161
many_ubuntu_00160,10.199.0.162
many_ubuntu_00161,10.199.0.163
many_ubuntu_00162,10.199.0.164
many_ubuntu_00163,10.199.0.165
many_ubuntu_00164,10.199.0.166
many_ubuntu_00165,10.199.0.167
many_ubuntu_00166,10.199.0.168
many_ubuntu_00167,10.199.0.169
many_ubuntu_00168,10.199.0.170
many_ubuntu_00169,10.199.0.171
many_ubuntu_00170,10.199.0.172
many_ubuntu_00171,10.199.0.173
many_ubuntu_00172,10.199.0.174
many_ubuntu_00173,10.199.0.175
many_ubuntu_00174,10.199.0.176
many_ubuntu_00175,10.199.0.177
many_ubuntu_00176,10.199.0.178
many_ubuntu_00177,10.199.0.179
many_ubuntu_00178,10.199.0.180
many_ubuntu_00179,10.199.0.181
many_ubuntu_00180,10.199.0.182
many_ubuntu_00181,10.199.0.183
many_ubuntu_00182,10.199.0.184
many_ubuntu_00183,10.199.0.185
many_ubuntu_00184,10.199.0.186
many_ubuntu_00185,10.199.0.187
many_ubuntu_00186,10.199.0.188
many_ubuntu_00187,10.199.0.189
many_ubuntu_00188,10.199.0.190
many_ubuntu_00189,10.199.0.191
many_ubuntu_00190,10.199.0.192
many_ubuntu_00191,10.199.0.193
many_ubuntu_00192,10.199.0.194
many_ubuntu_00193,10.199.0.195
many_ubuntu_00194,10.199.0.196
many_ubuntu_00195,10.199.0.197
many_ubuntu_00196,10.199.0.198
many_ubuntu_00197,10.199.0.199
many_ubuntu_00198,10.199.0.200
many_ubuntu_00199,10.199.0.201
many_ubuntu_00200,10.199.0.202
many_ubuntu_00201,10.199.0.203
many_ubuntu_00202,10.199.0.204
many_ubuntu_00203,10.199.0.205
many_ubuntu_00204,10.199.0.206
many_ubuntu_00205,10.199.0.207
many_ubuntu_00206,10.199.0.208
many_ubuntu_00207,10.199.0.209
many_ubuntu_00208,10.199.0.210
many_ubuntu_00209,10.199.0.211
many_ubuntu_00210,10.199.0.212
many_ubuntu_00211,10.199.0.213
many_ubuntu_00212,10.199.0.214
many_ubuntu_00213,10.199.0.215
many_ubuntu_00214,10.199.0.216
many_ubuntu_00215,10.199.0.217
many_ubuntu_00216,10.199.0.218
many_ubuntu_00217,10.199.0.219
many_ubuntu_00218,10.199.0.220
many_ubuntu_00219,10.199.0.221
many_ubuntu_00220,10.199.0.222
many_ubuntu_00221,10.199.0.223
many_ubuntu_00222,10.199.0.224
many_ubuntu_00223,10.199.0.225
many_ubuntu_00224,10.199.0.226
many_ubuntu_00225,10.199.0.227
many_ubuntu_00226,10.199.0.228
many_ubuntu_00227,10.199.0.229
many_ubuntu_00228,10.199.0.230
many_ubuntu_00229,10.199.0.231
many_ubuntu_00230,10.199.0.232
many_ubuntu_00231,10.199.0.233
many_ubuntu_00232,10.199.0.234
many_ubuntu_00233,10.199.0.235
many_ubuntu_00234,10.199.0.236
many_ubuntu_00235,10.199.0.237
many_ubuntu_00236,10.199.0.238
many_ubuntu_00237,10.199.0.239
many_ubuntu_00238,10.199.0.240
many_ubuntu_00239,10.199.0.241
many_ubuntu_00240,10.199.0.242
many_ubuntu_00241,10.199.0.243
many_ubuntu_00242,10.199.0.244
many_ubuntu_00243,10.199.0.245
many_ubuntu_00244,10.199.0.246
many_ubuntu_00245,10.199.0.247
many_ubuntu_00246,10.199.0.248
many_ubuntu_00247,10.199.0.249
many_ubuntu_00248,10.199.0.250
many_ubuntu_00249,10.199.0.251
many_ubuntu_00250,10.199.1.2
many_ubuntu_00251,10.199.1.3
many_ubuntu_00252,10.199.1.4
many_ubuntu_00253,10.199.1.5
many_ubuntu_00254,10.199.1.6
many_ubuntu_00255,10.199.1.7
many_ubuntu_00256,10.199.1.8
many_ubuntu_00257,10.199.1.9
many_ubuntu_00258,10.199.1.10
many_ubuntu_00259,10.199.1.11
many_ubuntu_00260,10.199.1.12
many_ubuntu_00261,10.199.1.13
many_ubuntu_00262,10.199.1.14
many_ubuntu_00263,10.199.1.15
many_ubuntu_00264,10.199.1.16
many_ubuntu_00265,10.199.1.17
many_ubuntu_00266,10.199.1.18
many_ubuntu_00267,10.199.1.19
many_ubuntu_00268,10.199.1.20
many_ubuntu_00269,10.199.1.21
many_ubuntu_00270,10.199.1.22
many_ubuntu_00271,10.199.1.23
many_ubuntu_00272,10.199.1.24
many_ubuntu_00273,10.199.1.25
many_ubuntu_00274,10.199.1.26
many_ubuntu_00275,10.199.1.27
many_ubuntu_00276,10.199.1.28
many_ubuntu_00277,10.199.1.29
many_ubuntu_00278,10.199.1.30
many_ubuntu_00279,10.199.1.31
many_ubuntu_00280,10.199.1.32
many_ubuntu_00281,10.199.1.33
many_ubuntu_00282,10.199.1.34
many_ubuntu_00283,10.199.1.35
many_ubuntu_00284,10.199.1.36
many_ubuntu_00285,10.199.1.37
many_ubuntu_00286,10.199.1.38
many_ubuntu_00287,10.199.1.39
many_ubuntu_00288,10.199.1.40
many_ubuntu_00289,10.199.1.41
many_ubuntu_00290,10.199.1.42
many_ubuntu_00291,10.199.1.43
many_ubuntu_00292,10.199.1.44
many_ubuntu_00293,10.199.1.45
many_ubuntu_00294,10.199.1.46
many_ubuntu_00295,10.199.1.47
many_ubuntu_00296,10.199.1.48
many_ubuntu_00297,10.199.1.49
many_ubuntu_00298,10.199.1.50
many_ubuntu_00299,10.199.1.51
many_ubuntu_00300,10.199.1.52
many_ubuntu_00301,10.199.1.53
many_ubuntu_00302,10.199.1.54
many_ubuntu_00303,10.199.1.55
many_ubuntu_00304,10.199.1.56
many_ubuntu_00305,10.199.1.57
many_ubuntu_00306,10.199.1.58
many_ubuntu_00307,10.199.1.59
many_ubuntu_00308,10.199.1.60
many_ubuntu_00309,10.199.1.61
many_ubuntu_00310,10.199.1.62
many_ubuntu_00311,10.199.1.63
many_ubuntu_00312,10.199.1.64
many_ubuntu_00313,10.199.1.65
many_ubuntu_00314,10.199.1.66
many_ubuntu_00315,10.199.1.67
many_ubuntu_00316,10.199.1.68
many_ubuntu_00317,10.199.1.69
many_ubuntu_00318,10.199.1.70
many_ubuntu_00319,10.199.1.71
many_ubuntu_00320,10.199.1.72
many_ubuntu_00321,10.199.1.73
many_ubuntu_00322,10.199.1.74
many_ubuntu_00323,10.199.1.75
many_ubuntu_00324,10.199.1.76
many_ubuntu_00325,10.199.1.77
many_ubuntu_00326,10.199.1.78
many_ubuntu_00327,10.199.1.79
many_ubuntu_00328,10.199.1.80
many_ubuntu_00329,10.199.1.81
many_ubuntu_00330,10.199.1.82
many_ubuntu_00331,10.199.1.83
many_ubuntu_00332,10.199.1.84
many_ubuntu_00333,10.199.1.85
many_ubuntu_00334,10.199.1.86
many_ubuntu_00335,10.199.1.87
many_ubuntu_00336,10.199.1.88
many_ubuntu_00337,10.199.1.89
many_ubuntu_00338,10.199.1.90
many_ubuntu_00339,10.199.1.91
many_ubuntu_00340,10.199.1.92
many_ubuntu_00341,10.199.1.93
many_ubuntu_00342,10.199.1.94
many_ubuntu_00343,10.199.1.95
many_ubuntu_00344,10.199.1.96
many_ubuntu_00345,10.199.1.97
many_ubuntu_00346,10.199.1.98
many_ubuntu_00347,10.199.1.99
many_ubuntu_00348,10.199.1.100
many_ubuntu_00349,10.199.1.101
many_ubuntu_00350,10.199.1.102
many_ubuntu_00351,10.199.1.103
many_ubuntu_00352,10.199.1.104
many_ubuntu_00353,10.199.1.105
many_ubuntu_00354,10.199.1.106
many_ubuntu_00355,10.199.1.107
many_ubuntu_00356,10.199.1.108
many_ubuntu_00357,10.199.1.109
many_ubuntu_00358,10.199.1.110
many_ubuntu_00359,10.199.1.111
many_ubuntu_00360,10.199.1.112
many_ubuntu_00361,10.199.1.113
many_ubuntu_00362,10.199.1.114
many_ubuntu_00363,10.199.1.115
many_ubuntu_00364,10.199.1.116
many_ubuntu_00365,10.199.1.117
many_ubuntu_00366,10.199.1.118
many_ubuntu_00367,10.199.1.119
many_ubuntu_00368,10.199.1.120
many_ubuntu_00369,10.199.1.121
many_ubuntu_00370,10.199.1.122
many_ubuntu_00371,10.199.1.123
many_ubuntu_00372,10.199.1.124
many_ubuntu_00373,10.199.1.125
many_ubuntu_00374,10.199.1.126
many_ubuntu_00375,10.199.1.127
many_ubuntu_00376,10.199.1.128
many_ubuntu_00377,10.199.1.129
many_ubuntu_00378,10.199.1.130
many_ubuntu_00379,10.199.1.131
many_ubuntu_00380,10.199.1.132
many_ubuntu_00381,10.199.1.133
many_ubuntu_00382,10.199.1.134
many_ubuntu_00383,10.199.1.135
many_ubuntu_00384,10.199.1.136
many_ubuntu_00385,10.199.1.137
many_ubuntu_00386,10.199.1.138
many_ubuntu_00387,10.199.1.139
many_ubuntu_00388,10.199.1.140
many_ubuntu_00389,10.199.1.141
many_ubuntu_00390,10.199.1.142
many_ubuntu_00391,10.199.1.143
many_ubuntu_00392,10.199.1.144
many_ubuntu_00393,10.199.1.145
many_ubuntu_00394,10.199.1.146
many_ubuntu_00395,10.199.1.147
many_ubuntu_00396,10.199.1.148
many_ubuntu_00397,10.199.1.149
many_ubuntu_00398,10.199.1.150
many_ubuntu_00399,10.199.1.151
many_ubuntu_00400,10.199.1.152
many_ubuntu_00401,10.199.1.153
many_ubuntu_00402,10.199.1.154
many_ubuntu_00403,10.199.1.155
many_ubuntu_00404,10.199.1.156
many_ubuntu_00405,10.199.1.157
many_ubuntu_00406,10.199.1.158
many_ubuntu_00407,10.199.1.159
many_ubuntu_00408,10.199.1.160
many_ubuntu_00409,10.199.1.161
many_ubuntu_00410,10.199.1.162
many_ubuntu_00411,10.199.1.163
many_ubuntu_00412,10.199.1.164
many_ubuntu_00413,10.199.1.165
many_ubuntu_00414,10.199.1.166
many_ubuntu_00415,10.199.1.167
many_ubuntu_00416,10.199.1.168
many_ubuntu_00417,10.199.1.169
many_ubuntu_00418,10.199.1.170
many_ubuntu_00419,10.199.1.171
many_ubuntu_00420,10.199.1.172
many_ubuntu_00421,10.199.1.173
many_ubuntu_00422,10.199.1.174
many_ubuntu_00423,10.199.1.175
many_ubuntu_00424,10.199.1.176
many_ubuntu_00425,10.199.1.177
many_ubuntu_00426,10.199.1.178
many_ubuntu_00427,10.199.1.179
many_ubuntu_00428,10.199.1.180
many_ubuntu_00429,10.199.1.181
many_ubuntu_00430,10.199.1.182
many_ubuntu_00431,10.199.1.183
many_ubuntu_00432,10.199.1.184
many_ubuntu_00433,10.199.1.185
many_ubuntu_00434,10.199.1.186
many_ubuntu_00435,10.199.1.187
many_ubuntu_00436,10.199.1.188
many_ubuntu_00437,10.199.1.189
many_ubuntu_00438,10.199.1.190
many_ubuntu_00439,10.199.1.191
many_ubuntu_00440,10.199.1.192
many_ubuntu_00441,10.199.1.193
many_ubuntu_00442,10.199.1.194
many_ubuntu_00443,10.199.1.195
many_ubuntu_00444,10.199.1.196
many_ubuntu_00445,10.199.1.197
many_ubuntu_00446,10.199.1.198
many_ubuntu_00447,10.199.1.199
many_ubuntu_00448,10.199.1.200
many_ubuntu_00449,10.199.1.201
many_ubuntu_00450,10.199.1.202
many_ubuntu_00451,10.199.1.203
many_ubuntu_00452,10.199.1.204
many_ubuntu_00453,10.199.1.205
many_ubuntu_00454,10.199.1.206
many_ubuntu_00455,10.199.1.207
many_ubuntu_00456,10.199.1.208
many_ubuntu_00457,10.199.1.209
many_ubuntu_00458,10.199.1.210
many_ubuntu_00459,10.199.1.211
many_ubuntu_00460,10.199.1.212
many_ubuntu_00461,10.199.1.213
many_ubuntu_00462,10.199.1.214
many_ubuntu_00463,10.199.1.215
many_ubuntu_00464,10.199.1.216
many_ubuntu_00465,10.199.1.217
many_ubuntu_00466,10.199.1.218
many_ubuntu_00467,10.199.1.219
many_ubuntu_00468,10.199.1.220
many_ubuntu_00469,10.199.1.221
many_ubuntu_00470,10.199.1.222
many_ubuntu_00471,10.199.1.223
many_ubuntu_00472,10.199.1.224
many_ubuntu_00473,10.199.1.225
many_ubuntu_00474,10.199.1.226
many_ubuntu_00475,10.199.1.227
many_ubuntu_00476,10.199.1.228
many_ubuntu_00477,10.199.1.229
many_ubuntu_00478,10.199.1.230
many_ubuntu_00479,10.199.1.231
many_ubuntu_00480,10.199.1.232
many_ubuntu_00481,10.199.1.233
many_ubuntu_00482,10.199.1.234
many_ubuntu_00483,10.199.1.235
many_ubuntu_00484,10.199.1.236
many_ubuntu_00485,10.199.1.237
many_ubuntu_00486,10.199.1.238
many_ubuntu_00487,10.199.1.239
many_ubuntu_00488,10.199.1.240
many_ubuntu_00489,10.199.1.241
many_ubuntu_00490,10.199.1.242
many_ubuntu_00491,10.199.1.243
many_ubuntu_00492,10.199.1.244
many_ubuntu_00493,10.199.1.245
many_ubuntu_00494,10.199.1.246
many_ubuntu_00495,10.199.1.247
many_ubuntu_00496,10.199.1.248
many_ubuntu_00497,10.199.1.249
many_ubuntu_00498,10.199.1.250
many_ubuntu_00499,10.199.1.251
many_ubuntu_00500,10.199.2.2
many_ubuntu_00501,10.199.2.3
many_ubuntu_00502,10.199.2.4
many_ubuntu_00503,10.199.2.5
many_ubuntu_00504,10.199.2.6
many_ubuntu_00505,10.199.2.7
many_ubuntu_00506,10.199.2.8
many_ubuntu_00507,10.199.2.9
many_ubuntu_00508,10.199.2.10
many_ubuntu_00509,10.199.2.11
many_ubuntu_00510,10.199.2.12
many_ubuntu_00511,10.199.2.13
many_ubuntu_00512,10.199.2.14
many_ubuntu_00513,10.199.2.15
many_ubuntu_00514,10.199.2.16
many_ubuntu_00515,10.199.2.17
many_ubuntu_00516,10.199.2.18
many_ubuntu_00517,10.199.2.19
many_ubuntu_00518,10.199.2.20
many_ubuntu_00519,10.199.2.21
many_ubuntu_00520,10.199.2.22
many_ubuntu_00521,10.199.2.23
many_ubuntu_00522,10.199.2.24
many_ubuntu_00523,10.199.2.25
many_ubuntu_00524,10.199.2.26
many_ubuntu_00525,10.199.2.27
many_ubuntu_00526,10.199.2.28
many_ubuntu_00527,10.199.2.29
many_ubuntu_00528,10.199.2.30
many_ubuntu_00529,10.199.2.31
many_ubuntu_00530,10.199.2.32
many_ubuntu_00531,10.199.2.33
many_ubuntu_00532,10.199.2.34
many_ubuntu_00533,10.199.2.35
many_ubuntu_00534,10.199.2.36
many_ubuntu_00535,10.199.2.37
many_ubuntu_00536,10.199.2.38
many_ubuntu_00537,10.199.2.39
many_ubuntu_00538,10.199.2.40
many_ubuntu_00539,10.199.2.41
many_ubuntu_00540,10.199.2.42
many_ubuntu_00541,10.199.2.43
many_ubuntu_00542,10.199.2.44
many_ubuntu_00543,10.199.2.45
many_ubuntu_00544,10.199.2.46
many_ubuntu_00545,10.199.2.47
many_ubuntu_00546,10.199.2.48
many_ubuntu_00547,10.199.2.49
many_ubuntu_00548,10.199.2.50
many_ubuntu_00549,10.199.2.51
many_ubuntu_00550,10.199.2.52
many_ubuntu_00551,10.199.2.53
many_ubuntu_00552,10.199.2.54
many_ubuntu_00553,10.199.2.55
many_ubuntu_00554,10.199.2.56
many_ubuntu_00555,10.199.2.57
many_ubuntu_00556,10.199.2.58
many_ubuntu_00557,10.199.2.59
many_ubuntu_00558,10.199.2.60
many_ubuntu_00559,10.199.2.61
many_ubuntu_00560,10.199.2.62
many_ubuntu_00561,10.199.2.63
many_ubuntu_00562,10.199.2.64
many_ubuntu_00563,10.199.2.65
many_ubuntu_00564,10.199.2.66
many_ubuntu_00565,10.199.2.67
many_ubuntu_00566,10.199.2.68
many_ubuntu_00567,10.199.2.69
many_ubuntu_00568,10.199.2.70
many_ubuntu_00569,10.199.2.71
many_ubuntu_00570,10.199.2.72
many_ubuntu_00571,10.199.2.73
many_ubuntu_00572,10.199.2.74
many_ubuntu_00573,10.199.2.75
many_ubuntu_00574,10.199.2.76
many_ubuntu_00575,10.199.2.77
many_ubuntu_00576,10.199.2.78
many_ubuntu_00577,10.199.2.79
many_ubuntu_00578,10.199.2.80
many_ubuntu_00579,10.199.2.81
many_ubuntu_00580,10.199.2.82
many_ubuntu_00581,10.199.2.83
many_ubuntu_00582,10.199.2.84
many_ubuntu_00583,10.199.2.85
many_ubuntu_00584,10.199.2.86
many_ubuntu_00585,10.199.2.87
many_ubuntu_00586,10.199.2.88
many_ubuntu_00587,10.199.2.89
many_ubuntu_00588,10.199.2.90
many_ubuntu_00589,10.199.2.91
many_ubuntu_00590,10.199.2.92
many_ubuntu_00591,10.199.2.93
many_ubuntu_00592,10.199.2.94
many_ubuntu_00593,10.199.2.95
many_ubuntu_00594,10.199.2.96
many_ubuntu_00595,10.199.2.97
many_ubuntu_00596,10.199.2.98
many_ubuntu_00597,10.199.2.99
many_ubuntu_00598,10.199.2.100
many_ubuntu_00599,10.199.2.101
many_ubuntu_00600,10.199.2.102
many_ubuntu_00601,10.199.2.103
many_ubuntu_00602,10.199.2.104
many_ubuntu_00603,10.199.2.105
many_ubuntu_00604,10.199.2.106
many_ubuntu_00605,10.199.2.107
many_ubuntu_00606,10.199.2.108
many_ubuntu_00607,10.199.2.109
many_ubuntu_00608,10.199.2.110
many_ubuntu_00609,10.199.2.111
many_ubuntu_00610,10.199.2.112
many_ubuntu_00611,10.199.2.113
many_ubuntu_00612,10.199.2.114
many_ubuntu_00613,10.199.2.115
many_ubuntu_00614,10.199.2.116
many_ubuntu_00615,10.199.2.117
many_ubuntu_00616,10.199.2.118
many_ubuntu_00617,10.199.2.119
many_ubuntu_00618,10.199.2.120
many_ubuntu_00619,10.199.2.121
many_ubuntu_00620,10.199.2.122
many_ubuntu_00621,10.199.2.123
many_ubuntu_00622,10.199.2.124
many_ubuntu_00623,10.199.2.125
many_ubuntu_00624,10.199.2.126
many_ubuntu_00625,10.199.2.127
many_ubuntu_00626,10.199.2.128
many_ubuntu_00627,10.199.2.129
many_ubuntu_00628,10.199.2.130
many_ubuntu_00629,10.199.2.131
many_ubuntu_00630,10.199.2.132
many_ubuntu_00631,10.199.2.133
many_ubuntu_00632,10.199.2.134
many_ubuntu_00633,10.199.2.135
many_ubuntu_00634,10.199.2.136
many_ubuntu_00635,10.199.2.137
many_ubuntu_00636,10.199.2.138
many_ubuntu_00637,10.199.2.139
many_ubuntu_00638,10.199.2.140
many_ubuntu_00639,10.199.2.141
many_ubuntu_00640,10.199.2.142
many_ubuntu_00641,10.199.2.143
many_ubuntu_00642,10.199.2.144
many_ubuntu_00643,10.199.2.145
many_ubuntu_00644,10.199.2.146
many_ubuntu_00645,10.199.2.147
many_ubuntu_00646,10.199.2.148
many_ubuntu_00647,10.199.2.149
many_ubuntu_00648,10.199.2.150
many_ubuntu_00649,10.199.2.151
many_ubuntu_00650,10.199.2.152
many_ubuntu_00651,10.199.2.153
many_ubuntu_00652,10.199.2.154
many_ubuntu_00653,10.199.2.155
many_ubuntu_00654,10.199.2.156
many_ubuntu_00655,10.199.2.157
many_ubuntu_00656,10.199.2.158
many_ubuntu_00657,10.199.2.159
many_ubuntu_00658,10.199.2.160
many_ubuntu_00659,10.199.2.161
many_ubuntu_00660,10.199.2.162
many_ubuntu_00661,10.199.2.163
many_ubuntu_00662,10.199.2.164
many_ubuntu_00663,10.199.2.165
many_ubuntu_00664,10.199.2.166
many_ubuntu_00665,10.199.2.167
many_ubuntu_00666,10.199.2.168
many_ubuntu_00667,10.199.2.169
many_ubuntu_00668,10.199.2.170
many_ubuntu_00669,10.199.2.171
many_ubuntu_00670,10.199.2.172
many_ubuntu_00671,10.199.2.173
many_ubuntu_00672,10.199.2.174
many_ubuntu_00673,10.199.2.175
many_ubuntu_00674,10.199.2.176
many_ubuntu_00675,10.199.2.177
many_ubuntu_00676,10.199.2.178
many_ubuntu_00677,10.199.2.179
many_ubuntu_00678,10.199.2.180
many_ubuntu_00679,10.199.2.181
many_ubuntu_00680,10.199.2.182
many_ubuntu_00681,10.199.2.183
many_ubuntu_00682,10.199.2.184
many_ubuntu_00683,10.199.2.185
many_ubuntu_00684,10.199.2.186
many_ubuntu_00685,10.199.2.187
many_ubuntu_00686,10.199.2.188
many_ubuntu_00687,10.199.2.189
many_ubuntu_00688,10.199.2.190
many_ubuntu_00689,10.199.2.191
many_ubuntu_00690,10.199.2.192
many_ubuntu_00691,10.199.2.193
many_ubuntu_00692,10.199.2.194
many_ubuntu_00693,10.199.2.195
many_ubuntu_00694,10.199.2.196
many_ubuntu_00695,10.199.2.197
many_ubuntu_00696,10.199.2.198
many_ubuntu_00697,10.199.2.199
many_ubuntu_00698,10.199.2.200
many_ubuntu_00699,10.199.2.201
many_ubuntu_00700,10.199.2.202
many_ubuntu_00701,10.199.2.203
many_ubuntu_00702,10.199.2.204
many_ubuntu_00703,10.199.2.205
many_ubuntu_00704,10.199.2.206
many_ubuntu_00705,10.199.2.207
many_ubuntu_00706,10.199.2.208
many_ubuntu_00707,10.199.2.209
many_ubuntu_00708,10.199.2.210
many_ubuntu_00709,10.199.2.211
many_ubuntu_00710,10.199.2.212
many_ubuntu_00711,10.199.2.213
many_ubuntu_00712,10.199.2.214
many_ubuntu_00713,10.199.2.215
many_ubuntu_00714,10.199.2.216
many_ubuntu_00715,10.199.2.217
many_ubuntu_00716,10.199.2.218
many_ubuntu_00717,10.199.2.219
many_ubuntu_00718,10.199.2.220
many_ubuntu_00719,10.199.2.221
many_ubuntu_00720,10.199.2.222
many_ubuntu_00721,10.199.2.223
many_ubuntu_00722,10.199.2.224
many_ubuntu_00723,10.199.2.225
many_ubuntu_00724,10.199.2.226
many_ubuntu_00725,10.199.2.227
many_ubuntu_00726,10.199.2.228
many_ubuntu_00727,10.199.2.229
many_ubuntu_00728,10.199.2.230
many_ubuntu_00729,10.199.2.231
many_ubuntu_00730,10.199.2.232
many_ubuntu_00731,10.199.2.233
many_ubuntu_00732,10.199.2.234
many_ubuntu_00733,10.199.2.235
many_ubuntu_00734,10.199.2.236
many_ubuntu_00735,10.199.2.237
many_ubuntu_00736,10.199.2.238
many_ubuntu_00737,10.199.2.239
many_ubuntu_00738,10.199.2.240
many_ubuntu_00739,10.199.2.241
many_ubuntu_00740,10.199.2.242
many_ubuntu_00741,10.199.2.243
many_ubuntu_00742,10.199.2.244
many_ubuntu_00743,10.199.2.245
many_ubuntu_00744,10.199.2.246
many_ubuntu_00745,10.199.2.247
many_ubuntu_00746,10.199.2.248
many_ubuntu_00747,10.199.2.249
many_ubuntu_00748,10.199.2.250
many_ubuntu_00749,10.199.2.251
many_ubuntu_00750,10.199.3.2
many_ubuntu_00751,10.199.3.3
many_ubuntu_00752,10.199.3.4
many_ubuntu_00753,10.199.3.5
many_ubuntu_00754,10.199.3.6
many_ubuntu_00755,10.199.3.7
many_ubuntu_00756,10.199.3.8
many_ubuntu_00757,10.199.3.9
many_ubuntu_00758,10.199.3.10
many_ubuntu_00759,10.199.3.11
many_ubuntu_00760,10.199.3.12
many_ubuntu_00761,10.199.3.13
many_ubuntu_00762,10.199.3.14
many_ubuntu_00763,10.199.3.15
many_ubuntu_00764,10.199.3.16
many_ubuntu_00765,10.199.3.17
many_ubuntu_00766,10.199.3.18
many_ubuntu_00767,10.199.3.19
many_ubuntu_00768,10.199.3.20
many_ubuntu_00769,10.199.3.21
many_ubuntu_00770,10.199.3.22
many_ubuntu_00771,10.199.3.23
many_ubuntu_00772,10.199.3.24
many_ubuntu_00773,10.199.3.25
many_ubuntu_00774,10.199.3.26
many_ubuntu_00775,10.199.3.27
many_ubuntu_00776,10.199.3.28
many_ubuntu_00777,10.199.3.29
many_ubuntu_00778,10.199.3.30
many_ubuntu_00779,10.199.3.31
many_ubuntu_00780,10.199.3.32
many_ubuntu_00781,10.199.3.33
many_ubuntu_00782,10.199.3.34
many_ubuntu_00783,10.199.3.35
many_ubuntu_00784,10.199.3.36
many_ubuntu_00785,10.199.3.37
many_ubuntu_00786,10.199.3.38
many_ubuntu_00787,10.199.3.39
many_ubuntu_00788,10.199.3.40
many_ubuntu_00789,10.199.3.41
many_ubuntu_00790,10.199.3.42
many_ubuntu_00791,10.199.3.43
many_ubuntu_00792,10.199.3.44
many_ubuntu_00793,10.199.3.45
many_ubuntu_00794,10.199.3.46
many_ubuntu_00795,10.199.3.47
many_ubuntu_00796,10.199.3.48
many_ubuntu_00797,10.199.3.49
many_ubuntu_00798,10.199.3.50
many_ubuntu_00799,10.199.3.51
many_ubuntu_00800,10.199.3.52
many_ubuntu_00801,10.199.3.53
many_ubuntu_00802,10.199.3.54
many_ubuntu_00803,10.199.3.55
many_ubuntu_00804,10.199.3.56
many_ubuntu_00805,10.199.3.57
many_ubuntu_00806,10.199.3.58
many_ubuntu_00807,10.199.3.59
many_ubuntu_00808,10.199.3.60
many_ubuntu_00809,10.199.3.61
many_ubuntu_00810,10.199.3.62
many_ubuntu_00811,10.199.3.63
many_ubuntu_00812,10.199.3.64
many_ubuntu_00813,10.199.3.65
many_ubuntu_00814,10.199.3.66
many_ubuntu_00815,10.199.3.67
many_ubuntu_00816,10.199.3.68
many_ubuntu_00817,10.199.3.69
many_ubuntu_00818,10.199.3.70
many_ubuntu_00819,10.199.3.71
many_ubuntu_00820,10.199.3.72
many_ubuntu_00821,10.199.3.73
many_ubuntu_00822,10.199.3.74
many_ubuntu_00823,10.199.3.75
many_ubuntu_00824,10.199.3.76
many_ubuntu_00825,10.199.3.77
many_ubuntu_00826,10.199.3.78
many_ubuntu_00827,10.199.3.79
many_ubuntu_00828,10.199.3.80
many_ubuntu_00829,10.199.3.81
many_ubuntu_00830,10.199.3.82
many_ubuntu_00831,10.199.3.83
many_ubuntu_00832,10.199.3.84
many_ubuntu_00833,10.199.3.85
many_ubuntu_00834,10.199.3.86
many_ubuntu_00835,10.199.3.87
many_ubuntu_00836,10.199.3.88
many_ubuntu_00837,10.199.3.89
many_ubuntu_00838,10.199.3.90
many_ubuntu_00839,10.199.3.91
many_ubuntu_00840,10.199.3.92
many_ubuntu_00841,10.199.3.93
many_ubuntu_00842,10.199.3.94
many_ubuntu_00843,10.199.3.95
many_ubuntu_00844,10.199.3.96
many_ubuntu_00845,10.199.3.97
many_ubuntu_00846,10.199.3.98
many_ubuntu_00847,10.199.3.99
many_ubuntu_00848,10.199.3.100
many_ubuntu_00849,10.199.3.101
many_ubuntu_00850,10.199.3.102
many_ubuntu_00851,10.199.3.103
many_ubuntu_00852,10.199.3.104
many_ubuntu_00853,10.199.3.105
many_ubuntu_00854,10.199.3.106
many_ubuntu_00855,10.199.3.107
many_ubuntu_00856,10.199.3.108
many_ubuntu_00857,10.199.3.109
many_ubuntu_00858,10.199.3.110
many_ubuntu_00859,10.199.3.111
many_ubuntu_00860,10.199.3.112
many_ubuntu_00861,10.199.3.113
many_ubuntu_00862,10.199.3.114
many_ubuntu_00863,10.199.3.115
many_ubuntu_00864,10.199.3.116
many_ubuntu_00865,10.199.3.117
many_ubuntu_00866,10.199.3.118
many_ubuntu_00867,10.199.3.119
many_ubuntu_00868,10.199.3.120
many_ubuntu_00869,10.199.3.121
many_ubuntu_00870,10.199.3.122
many_ubuntu_00871,10.199.3.123
many_ubuntu_00872,10.199.3.124
many_ubuntu_00873,10.199.3.125
many_ubuntu_00874,10.199.3.126
many_ubuntu_00875,10.199.3.127
many_ubuntu_00876,10.199.3.128
many_ubuntu_00877,10.199.3.129
many_ubuntu_00878,10.199.3.130
many_ubuntu_00879,10.199.3.131
many_ubuntu_00880,10.199.3.132
many_ubuntu_00881,10.199.3.133
many_ubuntu_00882,10.199.3.134
many_ubuntu_00883,10.199.3.135
many_ubuntu_00884,10.199.3.136
many_ubuntu_00885,10.199.3.137
many_ubuntu_00886,10.199.3.138
many_ubuntu_00887,10.199.3.139
many_ubuntu_00888,10.199.3.140
many_ubuntu_00889,10.199.3.141
many_ubuntu_00890,10.199.3.142
many_ubuntu_00891,10.199.3.143
many_ubuntu_00892,10.199.3.144
many_ubuntu_00893,10.199.3.145
many_ubuntu_00894,10.199.3.146
many_ubuntu_00895,10.199.3.147
many_ubuntu_00896,10.199.3.148
many_ubuntu_00897,10.199.3.149
many_ubuntu_00898,10.199.3.150
many_ubuntu_00899,10.199.3.151
many_ubuntu_00900,10.199.3.152
many_ubuntu_00901,10.199.3.153
many_ubuntu_00902,10.199.3.154
many_ubuntu_00903,10.199.3.155
many_ubuntu_00904,10.199.3.156
many_ubuntu_00905,10.199.3.157
many_ubuntu_00906,10.199.3.158
many_ubuntu_00907,10.199.3.159
many_ubuntu_00908,10.199.3.160
many_ubuntu_00909,10.199.3.161
many_ubuntu_00910,10.199.3.162
many_ubuntu_00911,10.199.3.163
many_ubuntu_00912,10.199.3.164
many_ubuntu_00913,10.199.3.165
many_ubuntu_00914,10.199.3.166
many_ubuntu_00915,10.199.3.167
many_ubuntu_00916,10.199.3.168
many_ubuntu_00917,10.199.3.169
many_ubuntu_00918,10.199.3.170
many_ubuntu_00919,10.199.3.171
many_ubuntu_00920,10.199.3.172
many_ubuntu_00921,10.199.3.173
many_ubuntu_00922,10.199.3.174
many_ubuntu_00923,10.199.3.175
many_ubuntu_00924,10.199.3.176
many_ubuntu_00925,10.199.3.177
many_ubuntu_00926,10.199.3.178
many_ubuntu_00927,10.199.3.179
many_ubuntu_00928,10.199.3.180
many_ubuntu_00929,10.199.3.181
many_ubuntu_00930,10.199.3.182
many_ubuntu_00931,10.199.3.183
many_ubuntu_00932,10.199.3.184
many_ubuntu_00933,10.199.3.185
many_ubuntu_00934,10.199.3.186
many_ubuntu_00935,10.199.3.187
many_ubuntu_00936,10.199.3.188
many_ubuntu_00937,10.199.3.189
many_ubuntu_00938,10.199.3.190
many_ubuntu_00939,10.199.3.191
many_ubuntu_00940,10.199.3.192
many_ubuntu_00941,10.199.3.193
many_ubuntu_00942,10.199.3.194
many_ubuntu_00943,10.199.3.195
many_ubuntu_00944,10.199.3.196
many_ubuntu_00945,10.199.3.197
many_ubuntu_00946,10.199.3.198
many_ubuntu_00947,10.199.3.199
many_ubuntu_00948,10.199.3.200
many_ubuntu_00949,10.199.3.201
many_ubuntu_00950,10.199.3.202
many_ubuntu_00951,10.199.3.203
many_ubuntu_00952,10.199.3.204
many_ubuntu_00953,10.199.3.205
many_ubuntu_00954,10.199.3.206
many_ubuntu_00955,10.199.3.207
many_ubuntu_00956,10.199.3.208
many_ubuntu_00957,10.199.3.209
many_ubuntu_00958,10.199.3.210
many_ubuntu_00959,10.199.3.211
many_ubuntu_00960,10.199.3.212
many_ubuntu_00961,10.199.3.213
many_ubuntu_00962,10.199.3.214
many_ubuntu_00963,10.199.3.215
many_ubuntu_00964,10.199.3.216
many_ubuntu_00965,10.199.3.217
many_ubuntu_00966,10.199.3.218
many_ubuntu_00967,10.199.3.219
many_ubuntu_00968,10.199.3.220
many_ubuntu_00969,10.199.3.221
many_ubuntu_00970,10.199.3.222
many_ubuntu_00971,10.199.3.223
many_ubuntu_00972,10.199.3.224
many_ubuntu_00973,10.199.3.225
many_ubuntu_00974,10.199.3.226
many_ubuntu_00975,10.199.3.227
many_ubuntu_00976,10.199.3.228
many_ubuntu_00977,10.199.3.229
many_ubuntu_00978,10.199.3.230
many_ubuntu_00979,10.199.3.231
many_ubuntu_00980,10.199.3.232
many_ubuntu_00981,10.199.3.233
many_ubuntu_00982,10.199.3.234
many_ubuntu_00983,10.199.3.235
many_ubuntu_00984,10.199.3.236
many_ubuntu_00985,10.199.3.237
many_ubuntu_00986,10.199.3.238
many_ubuntu_00987,10.199.3.239
many_ubuntu_00988,10.199.3.240
many_ubuntu_00989,10.199.3.241
many_ubuntu_00990,10.199.3.242
many_ubuntu_00991,10.199.3.243
many_ubuntu_00992,10.199.3.244
many_ubuntu_00993,10.199.3.245
many_ubuntu_00994,10.199.3.246
many_ubuntu_00995,10.199.3.247
many_ubuntu_00996,10.199.3.248
many_ubuntu_00997,10.199.3.249
many_ubuntu_00998,10.199.3.250
many_ubuntu_00999,10.199.3.251
many_ubuntu_01000,10.199.4.2
